date,supplies
1/1/2013,2016
1/2/2013,2153
1/3/2013,4211
1/4/2013,2448
1/5/2013,3216
1/6/2013,2210
1/7/2013,2650
1/8/2013,2023
1/9/2013,3044
1/10/2013,4557
1/11/2013,3799
1/12/2013,2760
1/13/2013,2428
1/14/2013,3331
1/15/2013,3058
1/16/2013,2135
1/17/2013,2233
1/18/2013,2444
1/19/2013,2650
1/20/2013,2153
1/21/2013,4413
1/22/2013,4740
1/23/2013,3218
1/24/2013,4868
1/25/2013,4116
1/26/2013,2519
1/27/2013,2135
1/28/2013,2756
1/29/2013,2170
1/30/2013,4005
1/31/2013,4127
2/1/2013,2535
2/2/2013,4726
2/3/2013,4805
2/4/2013,2212
2/5/2013,2207
2/6/2013,3350
2/7/2013,3931
2/8/2013,4018
2/9/2013,4670
2/10/2013,2480
2/11/2013,3212
2/12/2013,2322
2/13/2013,3198
2/14/2013,2210
2/15/2013,2047
2/16/2013,4503
2/17/2013,2145
2/18/2013,4350
2/19/2013,2142
2/20/2013,2029
2/21/2013,2127
2/22/2013,4280
2/23/2013,2166
2/24/2013,2046
2/25/2013,2026
2/26/2013,2765
2/27/2013,2749
2/28/2013,2745
3/1/2013,3752
3/2/2013,2153
3/3/2013,2217
3/4/2013,2230
3/5/2013,3046
3/6/2013,3183
3/7/2013,2070
3/8/2013,2213
3/9/2013,4208
3/10/2013,2774
3/11/2013,4133
3/12/2013,2756
3/13/2013,4213
3/14/2013,4170
3/15/2013,2153
3/16/2013,2073
3/17/2013,3561
3/18/2013,2330
3/19/2013,3977
3/20/2013,2204
3/21/2013,2086
3/22/2013,2226
3/23/2013,2075
3/24/2013,2038
3/25/2013,2069
3/26/2013,2100
3/27/2013,2233
3/28/2013,2166
3/29/2013,3133
3/30/2013,3070
3/31/2013,2777
4/1/2013,3133
4/2/2013,2125
4/3/2013,2766
4/4/2013,2209
4/5/2013,2160
4/6/2013,2065
4/7/2013,2150
4/8/2013,2168
4/9/2013,2046
4/10/2013,4171
4/11/2013,2155
4/12/2013,2517
4/13/2013,2096
4/14/2013,2750
4/15/2013,2217
4/16/2013,3977
4/17/2013,2093
4/18/2013,3204
4/19/2013,4300
4/20/2013,2170
4/21/2013,3844
4/22/2013,2168
4/23/2013,4226
4/24/2013,3192
4/25/2013,3070
4/26/2013,2485
4/27/2013,2097
4/28/2013,4817
4/29/2013,2516
4/30/2013,3074
5/1/2013,2213
5/2/2013,4508
5/3/2013,4405
5/4/2013,2452
5/5/2013,2142
5/6/2013,2205
5/7/2013,4132
5/8/2013,2145
5/9/2013,4744
5/10/2013,2158
5/11/2013,3201
5/12/2013,4178
5/13/2013,2112
5/14/2013,2033
5/15/2013,4401
5/16/2013,3186
5/17/2013,2097
5/18/2013,3058
5/19/2013,4017
5/20/2013,2315
5/21/2013,2285
5/22/2013,2219
5/23/2013,2065
5/24/2013,3216
5/25/2013,4509
5/26/2013,2330
5/27/2013,2759
5/28/2013,2069
5/29/2013,2747
5/30/2013,2227
5/31/2013,2025
6/1/2013,3191
6/2/2013,3025
6/3/2013,2263
6/4/2013,2233
6/5/2013,2154
6/6/2013,2065
6/7/2013,2119
6/8/2013,3016
6/9/2013,4113
6/10/2013,2032
6/11/2013,4300
6/12/2013,4352
6/13/2013,3020
6/14/2013,2116
6/15/2013,3057
6/16/2013,2099
6/17/2013,3749
6/18/2013,2766
6/19/2013,2148
6/20/2013,3145
6/21/2013,2021
6/22/2013,2333
6/23/2013,2783
6/24/2013,2280
6/25/2013,4120
6/26/2013,3638
6/27/2013,4300
6/28/2013,2074
6/29/2013,2880
6/30/2013,2430
7/1/2013,4560
7/2/2013,2088
7/3/2013,2220
7/4/2013,3031
7/5/2013,2250
7/6/2013,2261
7/7/2013,3196
7/8/2013,4352
7/9/2013,4680
7/10/2013,3143
7/11/2013,2747
7/12/2013,2063
7/13/2013,3021
7/14/2013,2138
7/15/2013,4005
7/16/2013,2233
7/17/2013,4811
7/18/2013,2085
7/19/2013,3084
7/20/2013,3170
7/21/2013,2066
7/22/2013,4113
7/23/2013,4078
7/24/2013,2222
7/25/2013,3152
7/26/2013,2159
7/27/2013,4503
7/28/2013,4655
7/29/2013,4220
7/30/2013,4012
7/31/2013,2153
8/1/2013,2070
8/2/2013,2015
8/3/2013,2776
8/4/2013,3011
8/5/2013,2761
8/6/2013,2015
8/7/2013,2502
8/8/2013,2110
8/9/2013,2566
8/10/2013,2519
8/11/2013,2506
8/12/2013,2209
8/13/2013,2116
8/14/2013,2075
8/15/2013,2226
8/16/2013,2145
8/17/2013,2508
8/18/2013,2036
8/19/2013,2018
8/20/2013,3666
8/21/2013,2021
8/22/2013,2750
8/23/2013,4514
8/24/2013,2525
8/25/2013,4152
8/26/2013,2200
8/27/2013,2250
8/28/2013,3023
8/29/2013,3500
8/30/2013,4300
8/31/2013,2283
9/1/2013,2102
9/2/2013,2204
9/3/2013,2040
9/4/2013,2749
9/5/2013,2304
9/6/2013,2340
9/7/2013,3580
9/8/2013,3355
9/9/2013,2287
9/10/2013,2324
9/11/2013,2323
9/12/2013,2320
9/13/2013,4680
9/14/2013,2346
9/15/2013,2031
9/16/2013,2064
9/17/2013,2176
9/18/2013,3195
9/19/2013,2010
9/20/2013,2768
9/21/2013,2752
9/22/2013,3802
9/23/2013,3071
9/24/2013,4735
9/25/2013,2065
9/26/2013,3081
9/27/2013,3205
9/28/2013,2165
9/29/2013,3125
9/30/2013,4214
10/1/2013,2030
10/2/2013,2036
10/3/2013,2767
10/4/2013,2798
10/5/2013,4211
10/6/2013,4508
10/7/2013,2032
10/8/2013,2117
10/9/2013,4551
10/10/2013,2765
10/11/2013,3064
10/12/2013,2023
10/13/2013,2766
10/14/2013,3810
10/15/2013,4151
10/16/2013,2830
10/17/2013,3030
10/18/2013,4812
10/19/2013,2141
10/20/2013,3810
10/21/2013,3029
10/22/2013,2173
10/23/2013,3199
10/24/2013,2320
10/25/2013,4506
10/26/2013,2516
10/27/2013,2035
10/28/2013,2747
10/29/2013,3030
10/30/2013,3152
10/31/2013,3340
11/1/2013,3182
11/2/2013,2450
11/3/2013,2227
11/4/2013,2216
11/5/2013,3796
11/6/2013,3064
11/7/2013,3197
11/8/2013,3064
11/9/2013,2232
11/10/2013,2365
11/11/2013,2747
11/12/2013,4701
11/13/2013,4503
11/14/2013,4350
11/15/2013,4210
11/16/2013,2223
11/17/2013,4122
11/18/2013,2515
11/19/2013,4214
11/20/2013,3437
11/21/2013,3338
11/22/2013,2203
11/23/2013,2088
11/24/2013,4226
11/25/2013,4213
11/26/2013,3356
11/27/2013,3223
11/28/2013,3032
11/29/2013,3105
11/30/2013,3101
12/1/2013,2763
12/2/2013,2089
12/3/2013,2759
12/4/2013,2040
12/5/2013,2126
12/6/2013,2147
12/7/2013,2251
12/8/2013,2155
12/9/2013,2153
12/10/2013,2768
12/11/2013,3127
12/12/2013,3087
12/13/2013,3131
12/14/2013,4350
12/15/2013,3134
12/16/2013,2830
12/17/2013,2193
12/18/2013,4055
12/19/2013,3199
12/20/2013,2170
12/21/2013,2322
12/22/2013,2530
12/23/2013,2075
12/24/2013,2340
12/25/2013,2066
12/26/2013,4217
12/27/2013,4020
12/28/2013,2096
12/29/2013,2179
12/30/2013,4127
12/31/2013,3130
1/1/2014,4570
1/2/2014,3215
1/3/2014,3101
1/4/2014,3931
1/5/2014,3165
1/6/2014,2166
1/7/2014,3936
1/8/2014,2265
1/9/2014,2203
1/10/2014,3034
1/11/2014,4670
1/12/2014,2062
1/13/2014,2162
1/14/2014,4170
1/15/2014,3033
1/16/2014,2170
1/17/2014,2749
1/18/2014,2144
1/19/2014,3805
1/20/2014,2047
1/21/2014,2100
1/22/2014,2642
1/23/2014,3228
1/24/2014,2145
1/25/2014,2287
1/26/2014,3444
1/27/2014,2076
1/28/2014,4124
1/29/2014,3191
1/30/2014,4305
1/31/2014,3195
2/1/2014,2579
2/2/2014,2835
2/3/2014,3337
2/4/2014,2536
2/5/2014,2770
2/6/2014,2646
2/7/2014,2756
2/8/2014,3133
2/9/2014,2066
2/10/2014,2750
2/11/2014,2750
2/12/2014,4558
2/13/2014,2211
2/14/2014,2570
2/15/2014,2170
2/16/2014,4552
2/17/2014,3082
2/18/2014,2360
2/19/2014,4223
2/20/2014,3183
2/21/2014,2330
2/22/2014,2031
2/23/2014,4370
2/24/2014,3150
2/25/2014,2549
2/26/2014,3040
2/27/2014,2065
2/28/2014,2065
3/1/2014,2340
3/2/2014,4209
3/3/2014,4173
3/4/2014,2065
3/5/2014,3204
3/6/2014,2210
3/7/2014,2068
3/8/2014,2085
3/9/2014,3064
3/10/2014,3074
3/11/2014,3806
3/12/2014,2259
3/13/2014,2260
3/14/2014,4074
3/15/2014,4215
3/16/2014,2160
3/17/2014,3008
3/18/2014,2217
3/19/2014,2213
3/20/2014,2748
3/21/2014,2567
3/22/2014,2096
3/23/2014,3192
3/24/2014,3015
3/25/2014,2170
3/26/2014,4221
3/27/2014,2233
3/28/2014,2145
3/29/2014,2759
3/30/2014,3121
3/31/2014,4870
4/1/2014,3337
4/2/2014,2118
4/3/2014,2259
4/4/2014,2760
4/5/2014,3150
4/6/2014,2770
4/7/2014,2763
4/8/2014,2050
4/9/2014,3058
4/10/2014,2074
4/11/2014,2120
4/12/2014,3812
4/13/2014,2147
4/14/2014,3111
4/15/2014,2567
4/16/2014,3012
4/17/2014,4217
4/18/2014,2197
4/19/2014,2142
4/20/2014,2340
4/21/2014,2320
4/22/2014,2155
4/23/2014,2046
4/24/2014,3162
4/25/2014,2037
4/26/2014,2428
4/27/2014,3141
4/28/2014,3178
4/29/2014,3564
4/30/2014,3550
5/1/2014,3070
5/2/2014,3775
5/3/2014,3004
5/4/2014,4226
5/5/2014,2026
5/6/2014,3185
5/7/2014,2015
5/8/2014,3012
5/9/2014,2447
5/10/2014,3143
5/11/2014,3910
5/12/2014,3621
5/13/2014,4702
5/14/2014,2133
5/15/2014,3075
5/16/2014,2069
5/17/2014,3911
5/18/2014,2250
5/19/2014,2487
5/20/2014,4123
5/21/2014,2151
5/22/2014,2428
5/23/2014,3156
5/24/2014,3126
5/25/2014,3152
5/26/2014,2026
5/27/2014,2233
5/28/2014,2027
5/29/2014,4208
5/30/2014,3124
5/31/2014,2211
6/1/2014,2564
6/2/2014,4221
6/3/2014,2049
6/4/2014,3690
6/5/2014,3282
6/6/2014,2068
6/7/2014,2261
6/8/2014,2576
6/9/2014,2160
6/10/2014,3108
6/11/2014,2145
6/12/2014,4165
6/13/2014,2021
6/14/2014,2218
6/15/2014,3124
6/16/2014,2145
6/17/2014,2190
6/18/2014,4211
6/19/2014,3170
6/20/2014,2170
6/21/2014,3130
6/22/2014,2337
6/23/2014,2307
6/24/2014,2121
6/25/2014,2761
6/26/2014,2340
6/27/2014,2745
6/28/2014,4127
6/29/2014,2716
6/30/2014,3168
7/1/2014,3076
7/2/2014,2750
7/3/2014,2166
7/4/2014,2031
7/5/2014,3564
7/6/2014,2478
7/7/2014,4127
7/8/2014,3016
7/9/2014,2116
7/10/2014,3356
7/11/2014,2560
7/12/2014,4680
7/13/2014,4740
7/14/2014,2760
7/15/2014,2065
7/16/2014,2230
7/17/2014,2087
7/18/2014,4505
7/19/2014,2630
7/20/2014,2225
7/21/2014,3121
7/22/2014,3013
7/23/2014,3136
7/24/2014,2111
7/25/2014,2209
7/26/2014,2106
7/27/2014,3930
7/28/2014,3182
7/29/2014,2097
7/30/2014,2287
7/31/2014,2291
8/1/2014,2283
8/2/2014,2305
8/3/2014,2300
8/4/2014,4179
8/5/2014,2539
8/6/2014,3207
8/7/2014,2630
8/8/2014,2154
8/9/2014,2036
8/10/2014,2133
8/11/2014,4300
8/12/2014,2340
8/13/2014,2010
8/14/2014,4305
8/15/2014,4340
8/16/2014,3137
8/17/2014,2075
8/18/2014,3068
8/19/2014,2148
8/20/2014,2539
8/21/2014,4580
8/22/2014,4300
8/23/2014,2750
8/24/2014,2761
8/25/2014,2566
8/26/2014,2041
8/27/2014,4504
8/28/2014,2176
8/29/2014,2036
8/30/2014,4551
8/31/2014,2087
9/1/2014,2212
9/2/2014,2035
9/3/2014,4120
9/4/2014,2306
9/5/2014,4075
9/6/2014,3975
9/7/2014,2066
9/8/2014,4114
9/9/2014,2763
9/10/2014,4341
9/11/2014,4022
9/12/2014,2168
9/13/2014,4116
9/14/2014,4178
9/15/2014,4123
9/16/2014,4132
9/17/2014,4820
9/18/2014,2153
9/19/2014,3076
9/20/2014,3028
9/21/2014,4035
9/22/2014,2326
9/23/2014,2145
9/24/2014,2747
9/25/2014,2759
9/26/2014,3429
9/27/2014,2148
9/28/2014,2204
9/29/2014,3337
9/30/2014,4218
10/1/2014,3011
10/2/2014,2380
10/3/2014,3015
10/4/2014,3564
10/5/2014,3171
10/6/2014,4551
10/7/2014,2560
10/8/2014,2565
10/9/2014,2035
10/10/2014,3850
10/11/2014,2519
10/12/2014,2166
10/13/2014,3807
10/14/2014,3032
10/15/2014,4800
10/16/2014,3025
10/17/2014,2121
10/18/2014,2570
10/19/2014,2577
10/20/2014,3084
10/21/2014,2199
10/22/2014,4870
10/23/2014,4171
10/24/2014,3975
10/25/2014,2134
10/26/2014,2066
10/27/2014,4053
10/28/2014,4740
10/29/2014,2260
10/30/2014,2800
10/31/2014,2304
11/1/2014,3752
11/2/2014,2048
11/3/2014,2194
11/4/2014,2216
11/5/2014,4352
11/6/2014,2557
11/7/2014,2209
11/8/2014,2147
11/9/2014,2548
11/10/2014,2262
11/11/2014,2763
11/12/2014,2463
11/13/2014,2481
11/14/2014,2072
11/15/2014,3155
11/16/2014,3095
11/17/2014,4207
11/18/2014,2577
11/19/2014,2160
11/20/2014,4110
11/21/2014,2017
11/22/2014,2745
11/23/2014,2769
11/24/2014,4214
11/25/2014,3805
11/26/2014,2770
11/27/2014,2322
11/28/2014,4562
11/29/2014,2117
11/30/2014,2283
12/1/2014,2571
12/2/2014,2233
12/3/2014,3480
12/4/2014,3011
12/5/2014,3551
12/6/2014,3136
12/7/2014,2753
12/8/2014,3093
12/9/2014,2232
12/10/2014,3023
12/11/2014,2153
12/12/2014,2176
12/13/2014,2304
12/14/2014,2567
12/15/2014,4217
12/16/2014,4615
12/17/2014,2026
12/18/2014,3174
12/19/2014,2777
12/20/2014,2199
12/21/2014,2190
12/22/2014,4221
12/23/2014,2766
12/24/2014,3551
12/25/2014,3429
12/26/2014,3150
12/27/2014,3183
12/28/2014,2145
12/29/2014,2154
12/30/2014,2192
12/31/2014,2145
1/1/2015,2290
1/2/2015,3073
1/3/2015,4811
1/4/2015,4005
1/5/2015,3191
1/6/2015,4810
1/7/2015,4121
1/8/2015,2100
1/9/2015,2031
1/10/2015,3111
1/11/2015,4305
1/12/2015,3137
1/13/2015,2229
1/14/2015,2176
1/15/2015,3068
1/16/2015,2263
1/17/2015,2117
1/18/2015,4118
1/19/2015,2594
1/20/2015,3850
1/21/2015,2536
1/22/2015,3750
1/23/2015,4019
1/24/2015,2197
1/25/2015,2227
1/26/2015,2540
1/27/2015,2293
1/28/2015,2560
1/29/2015,2143
1/30/2015,4305
1/31/2015,3630
2/1/2015,2164
2/2/2015,2148
2/3/2015,2759
2/4/2015,2150
2/5/2015,3121
2/6/2015,4350
2/7/2015,2567
2/8/2015,4305
2/9/2015,3183
2/10/2015,4350
2/11/2015,4869
2/12/2015,2145
2/13/2015,2137
2/14/2015,2093
2/15/2015,2354
2/16/2015,2190
2/17/2015,4019
2/18/2015,4814
2/19/2015,3201
2/20/2015,2282
2/21/2015,2223
2/22/2015,2292
2/23/2015,2141
2/24/2015,2126
2/25/2015,3046
2/26/2015,3008
2/27/2015,2830
2/28/2015,2099
3/1/2015,2250
3/2/2015,2171
3/3/2015,3076
3/4/2015,2077
3/5/2015,3156
3/6/2015,2756
3/7/2015,4873
3/8/2015,4514
3/9/2015,4210
3/10/2015,4551
3/11/2015,4006
3/12/2015,2754
3/13/2015,2767
3/14/2015,2282
3/15/2015,3810
3/16/2015,2137
3/17/2015,2173
3/18/2015,2152
3/19/2015,2340
3/20/2015,2088
3/21/2015,3805
3/22/2015,2067
3/23/2015,2122
3/24/2015,3976
3/25/2015,2067
3/26/2015,2000
3/27/2015,2040
3/28/2015,2530
3/29/2015,3175
3/30/2015,2156
3/31/2015,4127
4/1/2015,2066
4/2/2015,2759
4/3/2015,4171
4/4/2015,2073
4/5/2015,3218
4/6/2015,2228
4/7/2015,4207
4/8/2015,4114
4/9/2015,2430
4/10/2015,3199
4/11/2015,2192
4/12/2015,4210
4/13/2015,2290
4/14/2015,4350
4/15/2015,2880
4/16/2015,4413
4/17/2015,3187
4/18/2015,3028
4/19/2015,2166
4/20/2015,2680
4/21/2015,2527
4/22/2015,2147
4/23/2015,2141
4/24/2015,4215
4/25/2015,4701
4/26/2015,2163
4/27/2015,4220
4/28/2015,2336
4/29/2015,2650
4/30/2015,3031
5/1/2015,4415
5/2/2015,3139
5/3/2015,4122
5/4/2015,4055
5/5/2015,2150
5/6/2015,4020
5/7/2015,3975
5/8/2015,3147
5/9/2015,3623
5/10/2015,4122
5/11/2015,4356
5/12/2015,2216
5/13/2015,3124
5/14/2015,2768
5/15/2015,2065
5/16/2015,2753
5/17/2015,2034
5/18/2015,2650
5/19/2015,2287
5/20/2015,2010
5/21/2015,3034
5/22/2015,2196
5/23/2015,2177
5/24/2015,4800
5/25/2015,2219
5/26/2015,2234
5/27/2015,4812
5/28/2015,2065
5/29/2015,2537
5/30/2015,3191
5/31/2015,4870
6/1/2015,2065
6/2/2015,2830
6/3/2015,4720
6/4/2015,4213
6/5/2015,2026
6/6/2015,3124
6/7/2015,3765
6/8/2015,2148
6/9/2015,2165
6/10/2015,2756
6/11/2015,2767
6/12/2015,2153
6/13/2015,2148
6/14/2015,2486
6/15/2015,3228
6/16/2015,4511
6/17/2015,2340
6/18/2015,4110
6/19/2015,4226
6/20/2015,4506
6/21/2015,3150
6/22/2015,2026
6/23/2015,3084
6/24/2015,3802
6/25/2015,2116
6/26/2015,2747
6/27/2015,2211
6/28/2015,2222
6/29/2015,3124
6/30/2015,2795
7/1/2015,2567
7/2/2015,3188
7/3/2015,3730
7/4/2015,2234
7/5/2015,2062
7/6/2015,2027
7/7/2015,3060
7/8/2015,4131
7/9/2015,2518
7/10/2015,2323
7/11/2015,2766
7/12/2015,3199
7/13/2015,3158
7/14/2015,3188
7/15/2015,2477
7/16/2015,3143
7/17/2015,2770
7/18/2015,2195
7/19/2015,2036
7/20/2015,2575
7/21/2015,3400
7/22/2015,2145
7/23/2015,3037
7/24/2015,2233
7/25/2015,4570
7/26/2015,4507
7/27/2015,4220
7/28/2015,2113
7/29/2015,3799
7/30/2015,4505
7/31/2015,2229
8/1/2015,3021
8/2/2015,2443
8/3/2015,2010
8/4/2015,4218
8/5/2015,2570
8/6/2015,3752
8/7/2015,4720
8/8/2015,3177
8/9/2015,2192
8/10/2015,2069
8/11/2015,3111
8/12/2015,2023
8/13/2015,2033
8/14/2015,3030
8/15/2015,2148
8/16/2015,3147
8/17/2015,2196
8/18/2015,2089
8/19/2015,2641
8/20/2015,4212
8/21/2015,3241
8/22/2015,2450
8/23/2015,4209
8/24/2015,2026
8/25/2015,3428
8/26/2015,4227
8/27/2015,3806
8/28/2015,4034
8/29/2015,2760
8/30/2015,3175
8/31/2015,2558
9/1/2015,2460
9/2/2015,3173
9/3/2015,2289
9/4/2015,2031
9/5/2015,2250
9/6/2015,2027
9/7/2015,3111
9/8/2015,4500
9/9/2015,4825
9/10/2015,4213
9/11/2015,4161
9/12/2015,4018
9/13/2015,2560
9/14/2015,3757
9/15/2015,3073
9/16/2015,2871
9/17/2015,3141
9/18/2015,4034
9/19/2015,2194
9/20/2015,2146
9/21/2015,2768
9/22/2015,3073
9/23/2015,3136
9/24/2015,4869
9/25/2015,3127
9/26/2015,4078
9/27/2015,3182
9/28/2015,2165
9/29/2015,3046
9/30/2015,2066
10/1/2015,2065
10/2/2015,4380
10/3/2015,2340
10/4/2015,2769
10/5/2015,4220
10/6/2015,2179
10/7/2015,2527
10/8/2015,3024
10/9/2015,3934
10/10/2015,2027
10/11/2015,3109
10/12/2015,2540
10/13/2015,2145
10/14/2015,2761
10/15/2015,2136
10/16/2015,2145
10/17/2015,3124
10/18/2015,3046
10/19/2015,2153
10/20/2015,2069
10/21/2015,2046
10/22/2015,2484
10/23/2015,3225
10/24/2015,4053
10/25/2015,3145
10/26/2015,4068
10/27/2015,2324
10/28/2015,2214
10/29/2015,2041
10/30/2015,2031
10/31/2015,3809
11/1/2015,2454
11/2/2015,4556
11/3/2015,2065
11/4/2015,2216
11/5/2015,4573
11/6/2015,4570
11/7/2015,2154
11/8/2015,2171
11/9/2015,2871
11/10/2015,3034
11/11/2015,3082
11/12/2015,2131
11/13/2015,3207
11/14/2015,3184
11/15/2015,2250
11/16/2015,2118
11/17/2015,2570
11/18/2015,2260
11/19/2015,2065
11/20/2015,3977
11/21/2015,2016
11/22/2015,2112
11/23/2015,2137
11/24/2015,2228
11/25/2015,2217
11/26/2015,2223
11/27/2015,2018
11/28/2015,3109
11/29/2015,2315
11/30/2015,2170
12/1/2015,4053
12/2/2015,4300
12/3/2015,2619
12/4/2015,2452
12/5/2015,2229
12/6/2015,2800
12/7/2015,2880
12/8/2015,2515
12/9/2015,4020
12/10/2015,2193
12/11/2015,2064
12/12/2015,4220
12/13/2015,2450
12/14/2015,4152
12/15/2015,4035
12/16/2015,2322
12/17/2015,4509
12/18/2015,3138
12/19/2015,3029
12/20/2015,3441
12/21/2015,3136
12/22/2015,2121
12/23/2015,3023
12/24/2015,3337
12/25/2015,2216
12/26/2015,4074
12/27/2015,2101
12/28/2015,2153
12/29/2015,2164
12/30/2015,2160
12/31/2015,2756
1/1/2016,4510
1/2/2016,2075
1/3/2016,2647
1/4/2016,2154
1/5/2016,2565
1/6/2016,2731
1/7/2016,3185
1/8/2016,2164
1/9/2016,2323
1/10/2016,3130
1/11/2016,3757
1/12/2016,3284
1/13/2016,2204
1/14/2016,2037
1/15/2016,4211
1/16/2016,2153
1/17/2016,2527
1/18/2016,2747
1/19/2016,2152
1/20/2016,2118
1/21/2016,2168
1/22/2016,2067
1/23/2016,3021
1/24/2016,2573
1/25/2016,2118
1/26/2016,2759
1/27/2016,3185
1/28/2016,2206
1/29/2016,4869
1/30/2016,4226
1/31/2016,2062
2/1/2016,4814
2/2/2016,3076
2/3/2016,4815
2/4/2016,2076
2/5/2016,2539
2/6/2016,2147
2/7/2016,3184
2/8/2016,4503
2/9/2016,4127
2/10/2016,2206
2/11/2016,3162
2/12/2016,2526
2/13/2016,2579
2/14/2016,2177
2/15/2016,3165
2/16/2016,3201
2/17/2016,2768
2/18/2016,2160
2/19/2016,2148
2/20/2016,4502
2/21/2016,2166
2/22/2016,4551
2/23/2016,4127
2/24/2016,2222
2/25/2016,2710
2/26/2016,4510
2/27/2016,2090
2/28/2016,3038
2/29/2016,3551
3/1/2016,2250
3/2/2016,4122
3/3/2016,3031
3/4/2016,3145
3/5/2016,3142
3/6/2016,2710
3/7/2016,2576
3/8/2016,4209
3/9/2016,3442
3/10/2016,2153
3/11/2016,4064
3/12/2016,4152
3/13/2016,2230
3/14/2016,2127
3/15/2016,2529
3/16/2016,2170
3/17/2016,2212
3/18/2016,2150
3/19/2016,2118
3/20/2016,4012
3/21/2016,2747
3/22/2016,4217
3/23/2016,2430
3/24/2016,3039
3/25/2016,2017
3/26/2016,2213
3/27/2016,2061
3/28/2016,3644
3/29/2016,2104
3/30/2016,3173
3/31/2016,2830
4/1/2016,2044
4/2/2016,2168
4/3/2016,2320
4/4/2016,4118
4/5/2016,3043
4/6/2016,2251
4/7/2016,2560
4/8/2016,2873
4/9/2016,2541
4/10/2016,4350
4/11/2016,2761
4/12/2016,2155
4/13/2016,4017
4/14/2016,2222
4/15/2016,2222
4/16/2016,3429
4/17/2016,2321
4/18/2016,2079
4/19/2016,3072
4/20/2016,2230
4/21/2016,2007
4/22/2016,2620
4/23/2016,3034
4/24/2016,2086
4/25/2016,2231
4/26/2016,3175
4/27/2016,2580
4/28/2016,3037
4/29/2016,3550
4/30/2016,3218
5/1/2016,2020
5/2/2016,3930
5/3/2016,2480
5/4/2016,2259
5/5/2016,3130
5/6/2016,3029
5/7/2016,2285
5/8/2016,2830
5/9/2016,2119
5/10/2016,2153
5/11/2016,2120
5/12/2016,4573
5/13/2016,2085
5/14/2016,2763
5/15/2016,2852
5/16/2016,3030
5/17/2016,3677
5/18/2016,3030
5/19/2016,4122
5/20/2016,2760
5/21/2016,2750
5/22/2016,3806
5/23/2016,2155
5/24/2016,2127
5/25/2016,2155
5/26/2016,4873
5/27/2016,4820
5/28/2016,4873
5/29/2016,4817
5/30/2016,4818
5/31/2016,4519
6/1/2016,4806
6/2/2016,4805
6/3/2016,4701
6/4/2016,2478
6/5/2016,4560
6/6/2016,4740
6/7/2016,4720
6/8/2016,4702
6/9/2016,4702
6/10/2016,4127
6/11/2016,4670
6/12/2016,4670
6/13/2016,4670
6/14/2016,4655
6/15/2016,4610
6/16/2016,4655
6/17/2016,4551
6/18/2016,4702
6/19/2016,4702
6/20/2016,4506
6/21/2016,4503
6/22/2016,4503
6/23/2016,4512
6/24/2016,4511
6/25/2016,4500
6/26/2016,4380
6/27/2016,4370
6/28/2016,4817
6/29/2016,4350
6/30/2016,4213
7/1/2016,4340
7/2/2016,4122
7/3/2016,4306
7/4/2016,4306
7/5/2016,4306
7/6/2016,4306
7/7/2016,4306
7/8/2016,4306
7/9/2016,4305
7/10/2016,4304
7/11/2016,4301
7/12/2016,4300
7/13/2016,4212
7/14/2016,4209
7/15/2016,4211
7/16/2016,4210
7/17/2016,4205
7/18/2016,4051
7/19/2016,4165
7/20/2016,4165
7/21/2016,4053
7/22/2016,4217
7/23/2016,4130
7/24/2016,4124
7/25/2016,4208
7/26/2016,4123
7/27/2016,4118
7/28/2016,4115
7/29/2016,4164
7/30/2016,4127
7/31/2016,4115
8/1/2016,4152
8/2/2016,2452
8/3/2016,3931
8/4/2016,4280
8/5/2016,4300
8/6/2016,4055
8/7/2016,4128
8/8/2016,4500
8/9/2016,4370
8/10/2016,4017
8/11/2016,4053
8/12/2016,4020
8/13/2016,4019
8/14/2016,3188
8/15/2016,3977
8/16/2016,3806
8/17/2016,3940
8/18/2016,3939
8/19/2016,3910
8/20/2016,3977
8/21/2016,3840
8/22/2016,3840
8/23/2016,3977
8/24/2016,3810
8/25/2016,3806
8/26/2016,3804
8/27/2016,3805
8/28/2016,3765
8/29/2016,3757
8/30/2016,2582
8/31/2016,3196
9/1/2016,3747
9/2/2016,3677
9/3/2016,3620
9/4/2016,3620
9/5/2016,3630
9/6/2016,3151
9/7/2016,3023
9/8/2016,3564
9/9/2016,3199
9/10/2016,3500
9/11/2016,3444
9/12/2016,3444
9/13/2016,3076
9/14/2016,3380
9/15/2016,3340
9/16/2016,3338
9/17/2016,3337
9/18/2016,3280
9/19/2016,3224
9/20/2016,3222
9/21/2016,3222
9/22/2016,3222
9/23/2016,4164
9/24/2016,3226
9/25/2016,3204
9/26/2016,3201
9/27/2016,3201
9/28/2016,3840
9/29/2016,3198
9/30/2016,3198
10/1/2016,3190
10/2/2016,3156
10/3/2016,3169
10/4/2016,3170
10/5/2016,3163
10/6/2016,3161
10/7/2016,3791
10/8/2016,3156
10/9/2016,3155
10/10/2016,3977
10/11/2016,4119
10/12/2016,3140
10/13/2016,3136
10/14/2016,3818
10/15/2016,3028
10/16/2016,3106
10/17/2016,3082
10/18/2016,3099
10/19/2016,3752
10/20/2016,3754
10/21/2016,3140
10/22/2016,3068
10/23/2016,3756
10/24/2016,3061
10/25/2016,3048
10/26/2016,3046
10/27/2016,4217
10/28/2016,3036
10/29/2016,3107
10/30/2016,3030
10/31/2016,3022
11/1/2016,3020
11/2/2016,3049
11/3/2016,3015
11/4/2016,2880
11/5/2016,3500
11/6/2016,2870
11/7/2016,2259
11/8/2016,2830
11/9/2016,2880
11/10/2016,2763
11/11/2016,2774
11/12/2016,2155
11/13/2016,2770
11/14/2016,2750
11/15/2016,2767
11/16/2016,2767
11/17/2016,2765
11/18/2016,2769
11/19/2016,2762
11/20/2016,2745
11/21/2016,2761
11/22/2016,2761
11/23/2016,2761
11/24/2016,2760
11/25/2016,2794
11/26/2016,2759
11/27/2016,2750
11/28/2016,2759
11/29/2016,2756
11/30/2016,2756
12/1/2016,2756
12/2/2016,2756
12/3/2016,2777
12/4/2016,2749
12/5/2016,2154
12/6/2016,2749
12/7/2016,2773
12/8/2016,2745
12/9/2016,2747
12/10/2016,2323
12/11/2016,2640
12/12/2016,3690
12/13/2016,2630
12/14/2016,2260
12/15/2016,2594
12/16/2016,2579
12/17/2016,2567
12/18/2016,2567
12/19/2016,2567
12/20/2016,2567
12/21/2016,2560
12/22/2016,2560
12/23/2016,2564
12/24/2016,2560
12/25/2016,2570
12/26/2016,2207
12/27/2016,2560
12/28/2016,4503
12/29/2016,2557
12/30/2016,2565
12/31/2016,2536
1/1/2017,2530
1/2/2017,2207
1/3/2017,2519
1/4/2017,2439
1/5/2017,2528
1/6/2017,2506
1/7/2017,2487
1/8/2017,2448
1/9/2017,2450
1/10/2017,2440
1/11/2017,2290
1/12/2017,2440
1/13/2017,2340
1/14/2017,4509
1/15/2017,2340
1/16/2017,2333
1/17/2017,2428
1/18/2017,2263
1/19/2017,2769
1/20/2017,2282
1/21/2017,2325
1/22/2017,2325
1/23/2017,2323
1/24/2017,2289
1/25/2017,2320
1/26/2017,2285
1/27/2017,2290
1/28/2017,2287
1/29/2017,2307
1/30/2017,2259
1/31/2017,2261
2/1/2017,2251
2/2/2017,2250
2/3/2017,2261
2/4/2017,2250
2/5/2017,2233
2/6/2017,2450
2/7/2017,2232
2/8/2017,2211
2/9/2017,2229
2/10/2017,2223
2/11/2017,2228
2/12/2017,2232
2/13/2017,2227
2/14/2017,2223
2/15/2017,2234
2/16/2017,2210
2/17/2017,2219
2/18/2017,2212
2/19/2017,2211
2/20/2017,2210
2/21/2017,2210
2/22/2017,2207
2/23/2017,2260
2/24/2017,2190
2/25/2017,2567
2/26/2017,2176
2/27/2017,2200
2/28/2017,2760
3/1/2017,2200
3/2/2017,2161
3/3/2017,2848
3/4/2017,2171
3/5/2017,2145
3/6/2017,2767
3/7/2017,2170
3/8/2017,2165
3/9/2017,2567
3/10/2017,2168
3/11/2017,2040
3/12/2017,2759
3/13/2017,2148
3/14/2017,2177
3/15/2017,2160
3/16/2017,2154
3/17/2017,2155
3/18/2017,2155
3/19/2017,2745
3/20/2017,2155
3/21/2017,3196
3/22/2017,2153
3/23/2017,2768
3/24/2017,2153
3/25/2017,2148
3/26/2017,2153
3/27/2017,2075
3/28/2017,2768
3/29/2017,2148
3/30/2017,2768
3/31/2017,2148
4/1/2017,2147
4/2/2017,2768
4/3/2017,2763
4/4/2017,2118
4/5/2017,2144
4/6/2017,2142
4/7/2017,2145
4/8/2017,4878
4/9/2017,2076
4/10/2017,2126
4/11/2017,2289
4/12/2017,2154
4/13/2017,2122
4/14/2017,2155
4/15/2017,2073
4/16/2017,2121
4/17/2017,2126
4/18/2017,2121
4/19/2017,2119
4/20/2017,2153
4/21/2017,2120
4/22/2017,2118
4/23/2017,2112
4/24/2017,2101
4/25/2017,4227
4/26/2017,2251
4/27/2017,2101
4/28/2017,2100
4/29/2017,2148
4/30/2017,2099
5/1/2017,2119
5/2/2017,2079
5/3/2017,2126
5/4/2017,2775
5/5/2017,4132
5/6/2017,2073
5/7/2017,2077
5/8/2017,2065
5/9/2017,2100
5/10/2017,3197
5/11/2017,2086
5/12/2017,2224
5/13/2017,2032
5/14/2017,2035
5/15/2017,4220
5/16/2017,2567
5/17/2017,2777
5/18/2017,4220
5/19/2017,4818
5/20/2017,3219
5/21/2017,3023
5/22/2017,3809
5/23/2017,2090
5/24/2017,2048
5/25/2017,2031
5/26/2017,2261
5/27/2017,2441
5/28/2017,2263
5/29/2017,2261
5/30/2017,3183
5/31/2017,4877
6/1/2017,4215
6/2/2017,3199
6/3/2017,2089
6/4/2017,2528
6/5/2017,2131
6/6/2017,3910
6/7/2017,3264
6/8/2017,2220
6/9/2017,2763
6/10/2017,4570
6/11/2017,3150
6/12/2017,2528
6/13/2017,4413
6/14/2017,2681
6/15/2017,4510
6/16/2017,3977
6/17/2017,4220
6/18/2017,2138
6/19/2017,3186
6/20/2017,2478
6/21/2017,2170
6/22/2017,3018
6/23/2017,2753
6/24/2017,4551
6/25/2017,3198
6/26/2017,2090
6/27/2017,2047
6/28/2017,2043
6/29/2017,2154
6/30/2017,2107
7/1/2017,4567
7/2/2017,3197
7/3/2017,2250
7/4/2017,4217
7/5/2017,2066
7/6/2017,4011
7/7/2017,2138
7/8/2017,3630
7/9/2017,3161
7/10/2017,4560
7/11/2017,2763
7/12/2017,2795
7/13/2017,2088
7/14/2017,3195
7/15/2017,2101
7/16/2017,3977
7/17/2017,2155
7/18/2017,4680
7/19/2017,2261
7/20/2017,2221
7/21/2017,2026
7/22/2017,2093
7/23/2017,2155
7/24/2017,2018
7/25/2017,3127
7/26/2017,2217
7/27/2017,2155
7/28/2017,2031
7/29/2017,3068
7/30/2017,2250
7/31/2017,2230
8/1/2017,2088
8/2/2017,2063
8/3/2017,2068
8/4/2017,3152
8/5/2017,3145
8/6/2017,2028
8/7/2017,4209
8/8/2017,3941
8/9/2017,2068
8/10/2017,2031
8/11/2017,3146
8/12/2017,4670
8/13/2017,2072
8/14/2017,2229
8/15/2017,3087
8/16/2017,4220
8/17/2017,3585
8/18/2017,2112
8/19/2017,2153
8/20/2017,2087
8/21/2017,2117
8/22/2017,2158
8/23/2017,4352
8/24/2017,2064
8/25/2017,2768
8/26/2017,3976
8/27/2017,3219
8/28/2017,4209
8/29/2017,2036
8/30/2017,4105
8/31/2017,2154
9/1/2017,2211
9/2/2017,2094
9/3/2017,4133
9/4/2017,3437
9/5/2017,3170
9/6/2017,2333
9/7/2017,2570
9/8/2017,2121
9/9/2017,3205
9/10/2017,2173
9/11/2017,3071
9/12/2017,3040
9/13/2017,4817
9/14/2017,2290
9/15/2017,4212
9/16/2017,2137
9/17/2017,2323
9/18/2017,2203
9/19/2017,2230
9/20/2017,2770
9/21/2017,2153
9/22/2017,2089
9/23/2017,4161
9/24/2017,3046
9/25/2017,2284
9/26/2017,4558
9/27/2017,4655
9/28/2017,4152
9/29/2017,4121
9/30/2017,3808
10/1/2017,2680
10/2/2017,3796
10/3/2017,2261
10/4/2017,4053
10/5/2017,4570
10/6/2017,4211
10/7/2017,4300
10/8/2017,4017
10/9/2017,4075
10/10/2017,4035
10/11/2017,3149
10/12/2017,2125
10/13/2017,2131
10/14/2017,2154
10/15/2017,2137
10/16/2017,3114
10/17/2017,2047
10/18/2017,3977
10/19/2017,4304
10/20/2017,2800
10/21/2017,2030
10/22/2017,3130
10/23/2017,2170
10/24/2017,3039
10/25/2017,3352
10/26/2017,3129
10/27/2017,4567
10/28/2017,4154
10/29/2017,4215
10/30/2017,2099
10/31/2017,2263
11/1/2017,2155
11/2/2017,4123
11/3/2017,2768
11/4/2017,2114
11/5/2017,2145
11/6/2017,3149
11/7/2017,4721
11/8/2017,2118
11/9/2017,3930
11/10/2017,3141
11/11/2017,3976
11/12/2017,2749
11/13/2017,2011
11/14/2017,2745
11/15/2017,2017
11/16/2017,3046
11/17/2017,2134
11/18/2017,3677
11/19/2017,2380
11/20/2017,2047
11/21/2017,2147
11/22/2017,4012
11/23/2017,2750
11/24/2017,3030
11/25/2017,4878
11/26/2017,2015
11/27/2017,2072
11/28/2017,3075
11/29/2017,3810
11/30/2017,2070
12/1/2017,2199
12/2/2017,4055
12/3/2017,4157
12/4/2017,4799
12/5/2017,2251
12/6/2017,2460
12/7/2017,4701
12/8/2017,4211
12/9/2017,2095
12/10/2017,2263
12/11/2017,2146
12/12/2017,2011
12/13/2017,2147
12/14/2017,4035
12/15/2017,2166
12/16/2017,2000
12/17/2017,4121
12/18/2017,3429
12/19/2017,3012
12/20/2017,3103
12/21/2017,2769
12/22/2017,2540
12/23/2017,2539
12/24/2017,3806
12/25/2017,3048
12/26/2017,3212
12/27/2017,2119
12/28/2017,4504
12/29/2017,4034
12/30/2017,2200
12/31/2017,2117
1/1/2018,3630
1/2/2018,4701
1/3/2018,4224
1/4/2018,4344
1/5/2018,2009
1/6/2018,2133
1/7/2018,2759
1/8/2018,3145
1/9/2018,4152
1/10/2018,2151
1/11/2018,2070
1/12/2018,2250
1/13/2018,3144
1/14/2018,3201
1/15/2018,2125
1/16/2018,3181
1/17/2018,2665
1/18/2018,2474
1/19/2018,3023
1/20/2018,2155
1/21/2018,2196
1/22/2018,3029
1/23/2018,3754
1/24/2018,3630
1/25/2018,3802
1/26/2018,2010
1/27/2018,3166
1/28/2018,2570
1/29/2018,2287
1/30/2018,4500
1/31/2018,2770
2/1/2018,2153
2/2/2018,2820
2/3/2018,4511
2/4/2018,3196
2/5/2018,2047
2/6/2018,2161
2/7/2018,4870
2/8/2018,4226
2/9/2018,4059
2/10/2018,4160
2/11/2018,2747
2/12/2018,3189
2/13/2018,2582
2/14/2018,4170
2/15/2018,2525
2/16/2018,4030
2/17/2018,4510
2/18/2018,2114
2/19/2018,2066
2/20/2018,2050
2/21/2018,2199
2/22/2018,4120
2/23/2018,2096
2/24/2018,2530
2/25/2018,2567
2/26/2018,3183
2/27/2018,2042
2/28/2018,2324
3/1/2018,4032
3/2/2018,2127
3/3/2018,2487
3/4/2018,4350
3/5/2018,3156
3/6/2018,3121
3/7/2018,4655
3/8/2018,4132
3/9/2018,4103
3/10/2018,3844
3/11/2018,4078
3/12/2018,4074
3/13/2018,3750
3/14/2018,3177
3/15/2018,2868
3/16/2018,2166
3/17/2018,2640
3/18/2018,2575
3/19/2018,2227
3/20/2018,2170
3/21/2018,2358
3/22/2018,4227
3/23/2018,2449
3/24/2018,2299
3/25/2018,4014
3/26/2018,3163
3/27/2018,2484
3/28/2018,2484
3/29/2018,2261
3/30/2018,4179
3/31/2018,2340
4/1/2018,2777
4/2/2018,3056
4/3/2018,3170
4/4/2018,2769
4/5/2018,4556
4/6/2018,4740
4/7/2018,3166
4/8/2018,2570
4/9/2018,3976
4/10/2018,3380
4/11/2018,4132
4/12/2018,3175
4/13/2018,2221
4/14/2018,2575
4/15/2018,2170
4/16/2018,3338
4/17/2018,2619
4/18/2018,4670
4/19/2018,4701
4/20/2018,4226
4/21/2018,4215
4/22/2018,2197
4/23/2018,2043
4/24/2018,3190
4/25/2018,2166
4/26/2018,2027
4/27/2018,2759
4/28/2018,2528
4/29/2018,2280
4/30/2018,2795
5/1/2018,3199
5/2/2018,4035
5/3/2018,3121
5/4/2018,2155
5/5/2018,2281
5/6/2018,4017
5/7/2018,3108
5/8/2018,2085
5/9/2018,4152
5/10/2018,4007
5/11/2018,2075
5/12/2018,2318
5/13/2018,4500
5/14/2018,4680
5/15/2018,2250
5/16/2018,2116
5/17/2018,2043
5/18/2018,4815
5/19/2018,3156
5/20/2018,3134
5/21/2018,3049
5/22/2018,2018
5/23/2018,2153
5/24/2018,2165
5/25/2018,4217
5/26/2018,3821
5/27/2018,2048
5/28/2018,3095
5/29/2018,4305
5/30/2018,2747
5/31/2018,2206
6/1/2018,2428
6/2/2018,4127
6/3/2018,2077
6/4/2018,2233
6/5/2018,2170
6/6/2018,2093
6/7/2018,3216
6/8/2018,2160
6/9/2018,2567
6/10/2018,2117
6/11/2018,2077
6/12/2018,2147
6/13/2018,3201
6/14/2018,4109
6/15/2018,4556
6/16/2018,2034
6/17/2018,3075
6/18/2018,4216
6/19/2018,2147
6/20/2018,2800
6/21/2018,2560
6/22/2018,4500
6/23/2018,2470
6/24/2018,3192
6/25/2018,2324
6/26/2018,2537
6/27/2018,4580
6/28/2018,2763
6/29/2018,2563
6/30/2018,2068
7/1/2018,2264
7/2/2018,2099
7/3/2018,2234
7/4/2018,2230
7/5/2018,2126
7/6/2018,2086
7/7/2018,2075
7/8/2018,4825
7/9/2018,3020
7/10/2018,2176
7/11/2018,2445
7/12/2018,2770
7/13/2018,4306
7/14/2018,4060
7/15/2018,2144
7/16/2018,2065
7/17/2018,2148
7/18/2018,4053
7/19/2018,3064
7/20/2018,3030
7/21/2018,2217
7/22/2018,2176
7/23/2018,2040
7/24/2018,2428
7/25/2018,2233
7/26/2018,2326
7/27/2018,3214
7/28/2018,2528
7/29/2018,4213
7/30/2018,2009
7/31/2018,3352
8/1/2018,4077
8/2/2018,2156
8/3/2018,2075
8/4/2018,2760
8/5/2018,4209
8/6/2018,2204
8/7/2018,2217
8/8/2018,2176
8/9/2018,2009
8/10/2018,4655
8/11/2018,4551
8/12/2018,2106
8/13/2018,2327
8/14/2018,2763
8/15/2018,3182
8/16/2018,4702
8/17/2018,3181
8/18/2018,3037
8/19/2018,4500
8/20/2018,4104
8/21/2018,3186
8/22/2018,4701
8/23/2018,2170
8/24/2018,2570
8/25/2018,2153
8/26/2018,2835
8/27/2018,4509
8/28/2018,2318
8/29/2018,3182
8/30/2018,3043
8/31/2018,3175
9/1/2018,2281
9/2/2018,4558
9/3/2018,3172
9/4/2018,4556
9/5/2018,2505
9/6/2018,2145
9/7/2018,2115
9/8/2018,2067
9/9/2018,2469
9/10/2018,2705
9/11/2018,4127
9/12/2018,3196
9/13/2018,2450
9/14/2018,3024
9/15/2018,4551
9/16/2018,2164
9/17/2018,2230
9/18/2018,2320
9/19/2018,3028
9/20/2018,2330
9/21/2018,4514
9/22/2018,3136
9/23/2018,2575
9/24/2018,4053
9/25/2018,4740
9/26/2018,2570
9/27/2018,3088
9/28/2018,3966
9/29/2018,2260
9/30/2018,2265
10/1/2018,4405
10/2/2018,3912
10/3/2018,2120
10/4/2018,4701
10/5/2018,4133
10/6/2018,2261
10/7/2018,4034
10/8/2018,2753
10/9/2018,2164
10/10/2018,4128
10/11/2018,2076
10/12/2018,3143
10/13/2018,3025
10/14/2018,2090
10/15/2018,2747
10/16/2018,4118
10/17/2018,2446
10/18/2018,3012
10/19/2018,3072
10/20/2018,4160
10/21/2018,3037
10/22/2018,2770
10/23/2018,2810
10/24/2018,3207
10/25/2018,2769
10/26/2018,2164
10/27/2018,2480
10/28/2018,2566
10/29/2018,2145
10/30/2018,2880
10/31/2018,3175
11/1/2018,2063
11/2/2018,2062
11/3/2018,4030
11/4/2018,2216
11/5/2018,3756
11/6/2018,4670
11/7/2018,2102
11/8/2018,4503
11/9/2018,2557
11/10/2018,2650
11/11/2018,2216
11/12/2018,2234
11/13/2018,2148
11/14/2018,3976
11/15/2018,2210
11/16/2018,4503
11/17/2018,4680
11/18/2018,3071
11/19/2018,4165
11/20/2018,2089
11/21/2018,3214
11/22/2018,2199
11/23/2018,4160
11/24/2018,2144
11/25/2018,4510
11/26/2018,3172
11/27/2018,3189
11/28/2018,2760
11/29/2018,2155
11/30/2018,2145
12/1/2018,3030
12/2/2018,2770
12/3/2018,2750
12/4/2018,4061
12/5/2018,2283
12/6/2018,2030
12/7/2018,2138
12/8/2018,2016
12/9/2018,2340
12/10/2018,3429
12/11/2018,3083
12/12/2018,2170
12/13/2018,2770
12/14/2018,4214
12/15/2018,3015
12/16/2018,3163
12/17/2018,2032
12/18/2018,4350
12/19/2018,4132
12/20/2018,2147
12/21/2018,2527
12/22/2018,2557
12/23/2018,2200
12/24/2018,4211
12/25/2018,4500
12/26/2018,2830
12/27/2018,3040
12/28/2018,4815
12/29/2018,3915
12/30/2018,4153
12/31/2018,4179
1/1/2019,2450
1/2/2019,3355
1/3/2019,2148
1/4/2019,2321
1/5/2019,2267
1/6/2019,4055
1/7/2019,2099
1/8/2019,2026
1/9/2019,2762
1/10/2019,3101
1/11/2019,2160
1/12/2019,4121
1/13/2019,2289
1/14/2019,2145
1/15/2019,3977
1/16/2019,2232
1/17/2019,4227
1/18/2019,2756
1/19/2019,2505
1/20/2019,3458
1/21/2019,2750
1/22/2019,4421
1/23/2019,3505
1/24/2019,3216
1/25/2019,2233
1/26/2019,4017
1/27/2019,2145
1/28/2019,3006
1/29/2019,2262
1/30/2019,4570
1/31/2019,4037
2/1/2019,3918
2/2/2019,3216
2/3/2019,2214
2/4/2019,3025
2/5/2019,4165
2/6/2019,2640
2/7/2019,2560
2/8/2019,2069
2/9/2019,4818
2/10/2019,2335
2/11/2019,2287
2/12/2019,3079
2/13/2019,2400
2/14/2019,3043
2/15/2019,3977
2/16/2019,3148
2/17/2019,2036
2/18/2019,2092
2/19/2019,4215
2/20/2019,2770
2/21/2019,2040
2/22/2019,3127
2/23/2019,2770
2/24/2019,2714
2/25/2019,3555
2/26/2019,3183
2/27/2019,2768
2/28/2019,2148
3/1/2019,2880
3/2/2019,2560
3/3/2019,2097
3/4/2019,2008
3/5/2019,2320
3/6/2019,2200
3/7/2019,3101
3/8/2019,4226
3/9/2019,3350
3/10/2019,3977
3/11/2019,4006
3/12/2019,2484
3/13/2019,4171
3/14/2019,3218
3/15/2019,2323
3/16/2019,3095
3/17/2019,2619
3/18/2019,4306
3/19/2019,2092
3/20/2019,2090
3/21/2019,3355
3/22/2019,2077
3/23/2019,3752
3/24/2019,2580
3/25/2019,2066
3/26/2019,3620
3/27/2019,3630
3/28/2019,3630
3/29/2019,3630
3/30/2019,3630
3/31/2019,3631
4/1/2019,3630
4/2/2019,3350
4/3/2019,3630
4/4/2019,3630
4/5/2019,3631
4/6/2019,3630
4/7/2019,2525
4/8/2019,2880
4/9/2019,4017
4/10/2019,2156
4/11/2019,4215
4/12/2019,4228
4/13/2019,3977
4/14/2019,3101
4/15/2019,4228
4/16/2019,4101
4/17/2019,3804
4/18/2019,2022
4/19/2019,2565
4/20/2019,3149
4/21/2019,3178
4/22/2019,4568
4/23/2019,3115
4/24/2019,4300
4/25/2019,2021
4/26/2019,2145
4/27/2019,4350
4/28/2019,4343
4/29/2019,4304
4/30/2019,2250
5/1/2019,3223
5/2/2019,3116
5/3/2019,3205
5/4/2019,2539
5/5/2019,2208
5/6/2019,4218
5/7/2019,2120
5/8/2019,4125
5/9/2019,4818
5/10/2019,3023
5/11/2019,3204
5/12/2019,2229
5/13/2019,4037
5/14/2019,2285
5/15/2019,2261
5/16/2019,2567
5/17/2019,2560
5/18/2019,3108
5/19/2019,3106
5/20/2019,2076
5/21/2019,2566
5/22/2019,2477
5/23/2019,2340
5/24/2019,2153
5/25/2019,4070
5/26/2019,3806
5/27/2019,2099
5/28/2019,4507
5/29/2019,2155
5/30/2019,4070
5/31/2019,2114
6/1/2019,2049
6/2/2019,2164
6/3/2019,2360
6/4/2019,2213
6/5/2019,3181
6/6/2019,3194
6/7/2019,2262
6/8/2019,3138
6/9/2019,2529
6/10/2019,4173
6/11/2019,2073
6/12/2019,4301
6/13/2019,4825
6/14/2019,2227
6/15/2019,4020
6/16/2019,2176
6/17/2019,4223
6/18/2019,4152
6/19/2019,4127
6/20/2019,2300
6/21/2019,3040
6/22/2019,2284
6/23/2019,3219
6/24/2019,2508
6/25/2019,2099
6/26/2019,3149
6/27/2019,3023
6/28/2019,3025
6/29/2019,3172
6/30/2019,2064
7/1/2019,3147
7/2/2019,2065
7/3/2019,2222
7/4/2019,2016
7/5/2019,2015
7/6/2019,4034
7/7/2019,2147
7/8/2019,2065
7/9/2019,3074
7/10/2019,2200
7/11/2019,2038
7/12/2019,2533
7/13/2019,2758
7/14/2019,4209
7/15/2019,4178
7/16/2019,2573
7/17/2019,4179
7/18/2019,4159
7/19/2019,4131
7/20/2019,4128
7/21/2019,2142
7/22/2019,4034
7/23/2019,2259
7/24/2019,4218
7/25/2019,3807
7/26/2019,2150
7/27/2019,2190
7/28/2019,2065
7/29/2019,2285
7/30/2019,4879
7/31/2019,2176
8/1/2019,2500
8/2/2019,2560
8/3/2019,3181
8/4/2019,2041
8/5/2019,4051
8/6/2019,3082
8/7/2019,3802
8/8/2019,2298
8/9/2019,2768
8/10/2019,2154
8/11/2019,3024
8/12/2019,4118
8/13/2019,4210
8/14/2019,3046
8/15/2019,2178
8/16/2019,3161
8/17/2019,4879
8/18/2019,2154
8/19/2019,2145
8/20/2019,2147
8/21/2019,3240
8/22/2019,2170
8/23/2019,2040
8/24/2019,4211
8/25/2019,2144
8/26/2019,2261
8/27/2019,4207
8/28/2019,4019
8/29/2019,2032
8/30/2019,3075
8/31/2019,2760
9/1/2019,4570
9/2/2019,2508
9/3/2019,4223
9/4/2019,2073
9/5/2019,2076
9/6/2019,3174
9/7/2019,2280
9/8/2019,2206
9/9/2019,2671
9/10/2019,2219
9/11/2019,3216
9/12/2019,4455
9/13/2019,4178
9/14/2019,3043
9/15/2019,2165
9/16/2019,2164
9/17/2019,4165
9/18/2019,3029
9/19/2019,4060
9/20/2019,2165
9/21/2019,4034
9/22/2019,3690
9/23/2019,2148
9/24/2019,3028
9/25/2019,3156
9/26/2019,2573
9/27/2019,2761
9/28/2019,4650
9/29/2019,2540
9/30/2019,4014
10/1/2019,2036
10/2/2019,2250
10/3/2019,2208
10/4/2019,3160
10/5/2019,3754
10/6/2019,4814
10/7/2019,4017
10/8/2019,4118
10/9/2019,2530
10/10/2019,4370
10/11/2019,3195
10/12/2019,4655
10/13/2019,3023
10/14/2019,2145
10/15/2019,2560
10/16/2019,2444
10/17/2019,2880
10/18/2019,2063
10/19/2019,3806
10/20/2019,2114
10/21/2019,2102
10/22/2019,2120
10/23/2019,3101
10/24/2019,2770
10/25/2019,2203
10/26/2019,2166
10/27/2019,2560
10/28/2019,4551
10/29/2019,4171
10/30/2019,2093
10/31/2019,4055
11/1/2019,4165
11/2/2019,2566
11/3/2019,3046
11/4/2019,2760
11/5/2019,4060
11/6/2019,2112
11/7/2019,2207
11/8/2019,2880
11/9/2019,2300
11/10/2019,4341
11/11/2019,3250
11/12/2019,2087
11/13/2019,4655
11/14/2019,2033
11/15/2019,3111
11/16/2019,2118
11/17/2019,4070
11/18/2019,2760
11/19/2019,3071
11/20/2019,4825
11/21/2019,4551
11/22/2019,3342
11/23/2019,2262
11/24/2019,4205
11/25/2019,2190
11/26/2019,3500
11/27/2019,2138
11/28/2019,3523
11/29/2019,4161
11/30/2019,3023
12/1/2019,2567
12/2/2019,2340
12/3/2019,2153
12/4/2019,2177
12/5/2019,2350
12/6/2019,4209
12/7/2019,2264
12/8/2019,2046
12/9/2019,2009
12/10/2019,2785
12/11/2019,2560
12/12/2019,2234
12/13/2019,2207
12/14/2019,2117
12/15/2019,2261
12/16/2019,3995
12/17/2019,3351
12/18/2019,4503
12/19/2019,3029
12/20/2019,2323
12/21/2019,3000
12/22/2019,3156
12/23/2019,2214
12/24/2019,4160
12/25/2019,2380
12/26/2019,2430
12/27/2019,2462
12/28/2019,3076
12/29/2019,3015
12/30/2019,2650
12/31/2019,2000
1/1/2020,4670
1/2/2020,3677
1/3/2020,2121
1/4/2020,2107
1/5/2020,2007
1/6/2020,3041
1/7/2020,2705
1/8/2020,3177
1/9/2020,2061
1/10/2020,4812
1/11/2020,2010
1/12/2020,2075
1/13/2020,2233
1/14/2020,2470
1/15/2020,2171
1/16/2020,2548
1/17/2020,2159
1/18/2020,4509
1/19/2020,3184
1/20/2020,3260
1/21/2020,2099
1/22/2020,4216
1/23/2020,2138
1/24/2020,2534
1/25/2020,4565
1/26/2020,2032
1/27/2020,4812
1/28/2020,2034
1/29/2020,4218
1/30/2020,2102
1/31/2020,2021
2/1/2020,3977
2/2/2020,2870
2/3/2020,2197
2/4/2020,4152
2/5/2020,2280
2/6/2020,4217
2/7/2020,2204
2/8/2020,3910
2/9/2020,4116
2/10/2020,2315
2/11/2020,2066
2/12/2020,3146
2/13/2020,3185
2/14/2020,3618
2/15/2020,2093
2/16/2020,3071
2/17/2020,3127
2/18/2020,2287
2/19/2020,4507
2/20/2020,2218
2/21/2020,2450
2/22/2020,2087
2/23/2020,3000
2/24/2020,2580
2/25/2020,2162
2/26/2020,2147
2/27/2020,2780
2/28/2020,4570
